fullname,country,sid,dob
Jayden Olson,india,abc_123,02/22/1994
Ramu Galla,america,abc_124,07/20/1995
Gokul Govind,america,abc_125,08/20/1995
Aswin Srinivasan,india,abc_126,02/22/1994
Monica Lynch,america,abc_127,07/20/1995
Alan Craig,india,abc_128,08/20/1995
Henry Rixon,america,abc_129,02/22/1994
Kurt Mills,india,abc_130,02/22/1994
Chad Silva,america,abc_131,07/20/1995
Jayden Olson,india,abc_132,08/20/1995
