sid,salary,value1,value2
abc_123,20000,1,4
abc_124,20001,2,5
abc_125,20002,3.5,6
abc_126,20003,4,7
abc_127,20004,5,8
abc_128,20005,6,9
abc_129,20006,7,10
abc_130,20007,8,11
abc_131,20008,9,12
abc_132,20009,10,13
