fullname,country,sid,dob,salary,value1,value2
Jayden Olson,india,abc_123,02/22/1994,20000,1,4
Ramu Galla,america,abc_124,07/20/1995,20001,2,5
Gokul Govind,america,abc_125,08/20/1995,2000,3.5,6
Aswin Srinivasan,india,abc_126,02/22/1994,20003,4,7
Monica Lynch,india,abc_127,07/20/1995,20004,5,8
Alan Craig,india,abc_128,08/20/1995,20005,6,9
Henry Rixon,america,abc_129,02/22/1994,20006,7,10
Kurt Mills,india,abc_130,02/22/1994,20007,8,11
Chad Silva,america,abc_131,07/20/1995,20008,9,12
Jayden Olson,india,abc_132,08/20/1995,20009,10,13
